F0,F1,F2
1.1656597848111612,2.0349154057729524,-0.11329456916631682
-0.5320543952668939,0.3967388191572079,-2.579326639380527
1.2941504692309735,-0.007901781871712647,0.8544837097335706
0.39441895303811436,0.012683957075601937,0.5403324912434636
-0.8789510283596954,1.092269399037356,-0.9211174436038149
1.0067400335064756,1.3568896608763081,1.9160408222491716
-1.0368235582205385,2.495150607679521,0.7313310804117542
-0.060098688425908826,1.2142283978463577,1.135681878730657
-0.0297108879554882,-0.6649166567632226,0.020554520050813718
1.253017095193451,0.31256915752969194,-2.414980932651497
0.3778623949211211,-1.1101156591741523,-0.428427222668111
0.9290160054749281,0.0405790439939626,0.21683436856455937
-0.721144891867407,0.34295108856541334,0.9122404203929928
0.640787854040369,0.24072276667682646,-0.6193934396332829
-0.5803720059735552,0.16259782759222544,-0.22137692859912925
-0.7029588292198756,-0.3268104058963665,-0.5926629349869147
-1.1110447814306808,0.14678052381592227,0.42376665599136387
0.49181309214255475,-1.2662407972530143,-1.0023229807694614
-1.1485814540623505,-0.6019620438068786,-1.0613289664135634
-0.7187836728642446,-0.11392698711909285,0.9623437040967234
0.33659752137339927,0.29779211976780406,-0.36118160008318007
-0.5192237427794786,-1.6305595278983152,0.2619412144631923
-1.0552199574229393,-0.12522563733674452,0.05487956377773664
0.9357156997485624,1.0007997674712623,0.2861295486096277
0.024669206206177675,-1.1217891585012225,-0.5137309248981823
0.20467518273201996,0.31270144504407754,0.013817325059065234
-0.4929852616967694,-0.7998819286600876,-0.8546251684422729
-1.7801257940887247,-0.031565740160529106,-0.836453502332334
-0.5075783537618205,-1.571156899033239,-0.6378691786416606
-1.2515175884311511,0.03636898790444598,-0.8106035273821893
0.32103222999642167,-0.7362695653610262,-1.3131601409628515
0.5541919179041032,-2.2084628043241876,1.029732878679349
-1.249519686656179,-2.9091396828399105,-0.7925813131588748
-0.2550286065813202,-0.28593088025341734,-0.14754392496518767
-1.4367013394165693,1.3092342570851565,-0.24807034539410416
0.44031800386234143,0.3097896065235631,0.9349518686851113
0.7239888593689404,0.03925142827183572,-0.12691724021519665
-0.24185776103646586,0.9059700188128192,-0.7683008081074241
1.6125068877910516,1.8463944416725293,-0.5427586536757595
-0.19614422405164708,-0.6105160735987175,-1.894118082192512
-1.2133227624976743,1.3697860466676628,-0.3009576613372536
0.9792588180020979,0.028318002021540466,0.4558956624160211
-1.7754456506664031,-2.1329509393407355,-0.5875068930177496
0.10889878185573565,-1.59778636151773,-1.4284430634851022
0.8412537592329644,0.43540778000183683,-0.468387151429662
0.13700094074996724,0.165241902575511,-0.7359516304709418
0.7905475710405466,-1.3037722707971844,0.15286221478111195
-1.4539635555374695,-0.665635630421061,-1.0483068124400141
-0.4966762179051024,-0.8202998492097492,0.5171010954468865
-0.46221363413295813,-1.365279505335439,-1.3429403169575704
0.8321577678372629,0.4130648649549457,-0.537221976476624
0.07232057954592831,-0.0643047858338563,-0.1910888174059077
0.23315404414506372,-0.4238709244413633,-0.9429305224969317
0.44007835229309644,0.2310248574087265,-0.009000057115572562
-1.6276664982441844,-0.7758585153390899,-0.5389986478166728
-2.1873413182869936,-1.2860224159637927,-0.4265231004250017
-1.08778946969755,-0.26601431347765564,-0.11096915451208843
0.7575706786816249,-0.2585914375755965,0.9313774776484781
1.788430843039572,-0.637069282718811,1.6396109969189694
0.4488825570354479,-0.5986724979387262,0.27842988544772557
0.56019344493144,-0.4427492952346111,0.545346166221163
-0.4386072942393977,0.06995178125131546,0.4231569657296248
1.472473225579646,-0.43753921789855665,-1.0886547562090956
0.9183378997605895,1.433802105515244,-1.8991974148143416
0.8645485638036567,-0.5042360425593533,-0.9255973116212389
1.3082454990831645,0.06668681377642831,0.9541326886724207
-0.2895950356908604,-0.9348454126128485,-1.5031780239462746
-1.0898437157114287,-1.2136471424821336,-0.09158554425646062
1.223131998345384,-0.15192222190365035,1.2273382130821255
-1.2593389058364701,-0.4777662575799559,0.27123656042709227
-1.1315611861318051,0.13429265640181873,0.49574872394131997
-1.5628673387438325,-0.25243643974835384,-0.4918867040932675
0.5561432388636336,-1.0527487851990904,-0.6116376268266213
0.327650924084352,0.8577978519334301,-0.1673896053665737
-1.5246884806065735,-1.454963103646083,0.22603552834106433
-0.12589229839992228,1.1102311328918673,-0.5033711060478244
1.0093866784432888,0.30621967338992995,-0.7221015202518937
0.4539284089396247,-0.6885260973476989,-1.6066707309828596
-1.4955539274621321,0.6610879662989032,0.07020530994111075
-0.35509960298660015,-0.665367763679923,-0.27630289633574245
0.9131232996885652,0.5875166261076891,0.8459633794382748
0.3208266674514833,1.1085824942322862,-0.845874991315877
-0.625711961202552,-1.030119138257419,-0.2434689210403326
1.5378407315661453,-0.4149693712019071,-1.2909615840875883
-0.3115333181040861,1.2667138035145415,-0.31129982712580845
3.1994493555204144,0.3988596122299196,1.0097371877453372
0.33456590846561973,0.9324678924109436,-0.6728691399226913
-0.5526641698161985,-0.41772032185550323,-0.8253274958597895
0.4239890438430452,-0.6242457495366173,-0.8127790072168126
-1.0285253063764885,-0.21248226814856047,-0.8521136174319881
1.5766137450188802,-2.034569211810172,-1.3790772026843074
1.6957265125827388,1.0637816363634798,0.5603946300396455
-0.5745961995374683,-1.4032840292405029,0.7086856034393257
-1.4954195047520593,0.06549439549660147,0.5371991104011443
0.28519369120601074,0.25549510737107095,-0.3260841994105978
1.5744449712776776,0.23446283101640591,2.1613564006889825
0.9832522249914486,0.9291551995143755,0.3654863114462291
1.9226121356381012,0.02601524677772701,0.11792583168029618
-0.10179389414692434,-1.1274548343239403,-0.5286326948451053
0.13144574419494753,0.46974485553985285,-1.1695801808246569
-0.7072609251882219,0.4611194428337694,-1.3277573973121946
0.6634874575266354,0.46438918518072425,-0.4823962686678584
0.672718095689602,-1.2260969098738195,-0.19417630401552285
-0.5203361210429324,0.9214606578897744,-0.7278477266528419
-0.478210414028989,-1.247329493123973,1.0938693331992324
-2.034375563505328,-0.2502469737944636,-1.7349463004730894
-0.46362033687727744,0.6289375396524796,0.6610180465981533
0.21298668561940037,0.9171398129497587,-2.2553727611058485
-0.33632439127384767,-0.056486135086729575,1.5555015837206607
0.776102625438869,0.21267093278107393,1.684985872556018
-2.103098043496162,0.4318179549585331,-1.8332771374082117
-0.34810796416582784,-1.104609212291558,-0.2658082358345174
-0.08545178706601839,-0.5086057497967589,0.38768941461999
1.081704534511022,0.5120544345969019,-1.008631020246642
-0.18338280126540638,-0.014065453372299684,0.8512799547260176
-1.105738947015622,-0.6344684988218484,1.13722231995219
0.2083989980642395,1.3286761134100717,0.48051721123737384
-1.2456318814201408,-0.7631049180914768,0.7827638801211373
-1.7372152856178904,1.1467471445623263,-1.561002153486088
-1.8140682691491543,0.1838481696938237,0.0798663968877684
-0.18670834637875325,1.6333985354570253,0.40746473706104563
-0.3965686784157987,-1.4493729890799998,-0.13900210115905284
2.456283028430324,-0.4758761129174755,-0.9945953545994813
-0.1911895534560298,0.8679179555905508,0.0429065818417001
0.6601016057571415,0.17124079142002135,-9.330610775460222e-05
0.03221202658117005,1.187319430847494,-0.09763368355941215
0.18586662550105323,-0.08755851771800695,-0.7962707685742508
-1.6783389943335902,0.2999375496152278,-1.8021333292598665
0.6283601853078837,-0.1318207615939426,0.8334088945144844
-0.15394944171282385,0.6992348347762377,-2.2006852478157417
-1.4014819367311722,-0.572841086744893,0.33421296514521825
0.4942366506835608,1.0108217407617295,0.272935919411486
0.7694551952544065,0.030876744583794295,-0.8929707787082853
0.2241999070088542,-0.5330101424987798,-0.2367637408281785
-5.166237449824658e-05,-0.3984377200759858,0.27680512037396554
-0.4300359189378355,-0.007417248966147938,0.28587618451601127
-0.6412821251465758,-1.4712206708200202,0.41480459172847145
-0.16370811467274207,-1.494824521203339,-2.4897721696277024
-0.6466371103734607,-1.523064628083756,-0.09805346486745076
-0.7587777154625603,0.058062165671703844,-0.9012591403541999
0.2692939391266147,2.395057641584625,-0.4301347226329082
1.5313401835096028,0.6385003437425987,1.2158496150263627
0.752680385210862,-0.3859026891450357,0.0777277064169447
1.4663569856116234,-0.07094911003621243,1.799781395532974
-0.5880624907593828,-0.4404616419071272,-0.6538324526431799
0.7247643467714325,-0.2570258709268428,1.9807709540200293
0.1821770805506403,0.8214424847142934,0.5229480411238141
0.0736146565918816,0.8715467220595284,2.245728946918665
1.4331269872392338,-0.06272019029295953,-0.3038380180753376
-1.0399622756588005,0.6248036956821063,0.9689227192624082
0.10883551226026379,-0.07275424478420318,0.2731811693514795
1.8728043076893661,0.21660728145092165,-0.12675654798150324
-0.5145917335986171,-0.10744257878597173,-0.21142939203429334
0.5714778953235816,-0.8652227994118875,-0.7596008049924581
-0.3641009234512721,0.976218235977769,-0.18773861957799387
-0.747234340220259,0.6475697894455763,2.4470029923260497
0.20998155884457975,1.7657956537006474,0.1311426927923909
0.7164734765397569,1.0998319762850555,-0.005456296622097389
0.7119186399971872,0.7424206000450417,0.15857119301007463
0.5930491510422283,-0.37397803430451176,0.5414407060616844
0.9280133967781595,-0.04553642920610918,0.35971031968316636
0.5083931094705605,0.6722107347585056,1.3296346584631307
0.336931485031454,-2.249907261539769,0.6380011717688876
-1.6167508970713298,-0.6419563713758999,-0.4068497229112022
1.306731043434407,1.6153583930972484,-0.48082438064066096
0.17579791975380846,-0.5881047696271573,-0.5801734924642953
-2.4459038184958763,-1.485447660830321,-0.7457255858525548
-0.8394553068416228,0.4903484755736463,0.716663969542609
0.13756401594640993,-0.20170399549809798,-1.8258293433516137
-2.066276809874422,-0.45074742484739594,-1.1214690316693863
-0.3937790441849439,-0.4327547921637063,-1.008352395500446
-0.5892629503597573,0.5325004357267441,1.5041388301752847
-0.7115447545496283,-0.6251608604979583,0.7388041254836545
-0.7346261062092552,0.24628886917706264,1.941707175325939
0.7813741199687897,-0.8311454465350663,-0.46644984978478804
2.042182880114821,-0.10565475559443527,0.16704271592405417
1.6424314781926352,-0.3567833985936851,0.07356668525699309
-1.2750853377657272,-0.7074042696376643,-1.7886962151999146
0.02285433774855061,1.7500239969682825,-1.7492244891834152
-1.2769019110531394,-0.25571515054129046,1.1416800587641558
-1.134109176503495,0.04135599025548042,0.14768537845436153
0.2772968117725062,-0.27438153002677407,0.6441310880862575
-0.8377398453866554,-1.1781871811532354,0.2996672518611524
0.3330751807065172,-1.5326035219585847,1.1889223914665144
-1.2743876279202406,-1.1490434354408279,0.12691903078727804
0.8558201152948909,-1.0121376603389056,-0.8194706171427977
-0.007197995524121493,0.09521892201078576,-0.3679479518291153
-0.22867789014382595,0.9714646685145731,-0.0315943242264672
0.49400118701770596,-0.21094528665701084,1.9207802267231462
0.006977662591563313,-0.8916628767299876,-1.1188619569209786
0.3742040275963084,0.11536194640628714,0.076276338466478
0.5111027292802862,-0.049921863472390186,-0.2770893159137856
0.5614779025805318,-0.19310759314928042,-1.1138926986121704
-1.0683992073843283,-1.325443879381312,0.6174182554113744
1.272666265725687,1.9217229413191044,1.9322648840567718
-1.8122366817380966,-0.013593484495448222,-1.5883589812040613
0.01817655233063336,0.5045412862564816,2.704471461673518
0.057616062329860586,-0.3394174211828277,0.23093102348439914
-1.357141806216591,0.02007516983587685,-1.3180761397109313
0.901783047431697,-0.9983767577225328,-0.11187413991271027
-0.528296014697359,0.5573149091645386,0.6228983272543774
0.874273674088431,-0.26883227505559343,-0.4285597436682221
1.223596360792252,-1.786973072535717,0.03224463649133334
-0.7815775161326444,0.44585243738350694,0.49640304429545357
-0.26929766069579936,0.7188413804423418,0.1903387412533542
-0.4828556754255825,-1.9566993438307707,-0.4111279663085472
-0.7357424712377234,-1.5048747578989499,-1.3550587498198403
1.5728200606394775,-1.1701284046372022,0.6266795531827428
-0.06040498549890047,-0.7549762005780339,1.0719729522441963
-0.8709324621470413,-0.1326365908989085,0.28766851689100514
0.6127337095219082,1.9930351369879125,0.1990494976341292
-0.8277927896648577,-0.2447996730029084,-0.49852924414147465
-0.5002867405926971,-1.1322428888563607,0.059692243066801355
-0.5337920052467942,-0.8406893474140014,0.8593277303076251
-0.869896378989911,0.07232007516288161,-0.20565213916929895
-0.6378469455050935,-0.3000070966352766,0.4446223042331312
-0.9001325407392856,-0.490913264970004,0.3631583538921741
0.9327656281866321,1.5672343774831248,1.2665205959897838
-0.46831856755870893,-0.40343952001702493,-0.2492772596849495
-0.5263997333894034,-0.28674379943776274,0.9859831576898682
-1.1764630447144753,1.8123623956864723,1.2563926838415647
0.5089083239445885,0.11247076307214422,0.6240396011381576
-0.05613999711957112,0.13963435239806704,-0.701945282239052
-0.16031164010575624,-1.7441992110484328,-1.41519108334201
-0.4874644847180591,-1.599105898923983,0.07468785203156958
1.0435643245657913,0.8027341071988399,1.7936975308806045
-1.9213462464281656,0.4834267130621383,-1.1289354804619236
-0.4884261177474378,0.5304465752249782,-1.9113071601347995
-0.8755934872180117,0.6443559994616183,2.064007837427984
0.1269375320951971,1.3365345879939317,0.00877587766501938
-0.5402621682665448,0.22082579788981138,-0.27363224582517975
-0.28602822407429124,-0.4507063922633991,0.4102285743019426
0.5618635679257793,0.0009108853093464468,1.3722287106525808
2.0989602985808715,0.4207437160232997,0.8141271309559679
0.0308693982645381,0.05168606021542166,-0.8175609832902262
1.5279442681808184,1.4952675803737303,-0.2465283843940773
1.5457291465064118,0.8997707856062815,2.429181395252786
-0.006412215502417527,-0.3041943495069292,-1.5780509429828686
0.7065900745525685,-0.25427344761961523,0.36374196078715726
-0.045688319488291,-0.9036837610732713,0.2677735265662087
1.99375334289946,-0.08168875857944645,1.580830547241407
-0.12107671472635871,-0.2077600320429207,-0.5097268889599225
1.3319426342944831,-0.13903386523840902,0.5108442097983159
0.03197828664185184,-0.4729340628629859,0.9646655756936603
1.1396062647505711,-0.44136641951003014,0.07231946939004358
-1.0380883854641842,-0.5729085762383915,0.7134514791329121
0.559777639008163,1.040246053971889,1.5884145442583621
-1.5269730184887627,-0.4433254542304339,0.7663318097422801
-1.0266848112525229,-0.9565799975361832,-0.9037785527134921
0.10757875471131487,1.1598550086701482,1.4625007302454187
0.5044373995664237,-1.0877963185095734,0.7862948537694442
0.3737954926297063,-0.1678347714708199,-0.4132429079203563
-0.2483041362316401,0.49489077663973174,0.5189248944614591
-0.5607887159651335,-0.5069209311263043,-0.5610926574093027
0.5573271745427675,-0.03236613278806239,0.39777202393885897
-1.1190591542254718,-2.040453592878906,0.14497036529148308
-0.37425066335606505,-0.6781659943561127,0.11719246674886367
-0.8269164636968263,-1.2425446567960927,0.22321146211142345
0.08781633349407665,-1.1033171328107305,1.291501443964753
0.23564182622505978,0.05096990479912754,0.7953197975637669
-0.4983652547328336,-1.1890909535482401,1.2195825682045829
0.6903329470314825,0.09691054104915632,-0.22987068721098422
-0.3183848971633076,-0.4403046454880684,0.25904368103525155
-2.657590715460679,-1.2577567590534837,0.6541437470997742
0.8235541634628953,0.6328289892558975,0.15637754681777127
1.1886224498220628,1.4927978584805617,-0.6080540712062051
0.7936942067782855,-0.4200042996359463,0.4183856216818872
1.3269538734775943,1.1346642077914988,1.0220340073700946
1.3278102146022714,1.0867062464764439,-1.5261001123534825
0.5619377418722944,-0.3358522590593039,0.4166186188553529
-0.44579466302561427,0.03797481984200338,-2.1323552988426533
-0.6801102498568158,-0.5014380694911977,0.37533828445881123
0.659410390359238,1.3436949863066923,0.2215900487054597
0.4031611481327445,-0.29811905978543857,1.2812378949836698
-0.44624510977010223,0.14853211462155572,1.8178820655059214
-1.0852313303259666,-0.40923859382383515,1.0330536277365392
-0.16608404879554542,2.505760930366743,-0.7233489335073772
1.225740810113144,0.45968939687912874,0.011367489568697684
1.6582591530085116,0.4316789564268098,-0.47155489388758765
-0.5295282706525207,-0.9889104908693912,-0.8498976399821112
-0.03338709473428741,0.08754586861631872,-1.9084057859868528
0.3291671538961415,1.0653923798623761,0.8510685326020169
-0.7800227112400149,-0.8430508324922472,-0.9350026795902547
-1.2439398395410155,-1.4331514948142379,-0.016416929942701497
-0.10899018277325301,0.14575141451218282,0.9414171321879004
-0.9637123162927187,-0.6717940693621705,1.2167407554087764
0.52277206348905,-0.17608114262742416,0.1366361764208281
0.2517664755909461,0.23110663243599622,-0.11051963896502204
0.24459872385599588,0.576873918100068,1.0391128819319584
0.8244440738344967,1.0844118164945629,1.4733417054146283
1.3915361388945353,1.0398560847169322,0.6304624532251816
0.3469685803094727,-0.3184800398418964,0.768298356014086
0.2015310696121079,0.18066354236085058,0.10413850732594981
0.737131465297239,-1.3276537889550635,0.010548846992789242
0.6686535944443284,0.276209688017373,0.5061412915824901
0.6911306430825068,0.4931137456054398,-1.1320042395256917
-0.994791947175552,1.6887183844548777,0.13530477450167547
0.2881869296964005,-0.3726994735748637,0.09698515445743719
-0.27485415246814016,0.12232214264119128,-0.4704814957581518
1.4398735361598574,-0.5521596362133241,0.9008110889485336
0.20969272713324946,0.36453746827525974,-0.27342858236805195
0.07860540616985358,0.6630384158598888,1.6680467471056724
0.631228565034069,-0.18467109243106158,1.5703415274650698
-0.458542046391176,-0.9131519843855777,0.7132463104901854
0.4737925875319054,-1.0294316048943901,3.225365595001878
1.9794675613792052,0.02620063577856227,0.10131226638034171
-0.4381379462812288,0.9516258513879584,-1.3453280576168303
-1.0459441159260567,0.19762384963575483,0.039763036995682045
1.0749654549231635,0.5472525944647774,-0.28609959842407645
1.0081766018565539,0.3636856732694493,1.0550668611829541
-0.04328431375368059,-1.3752841075417528,-1.2274764411499908
0.680959868202615,0.6702741790060891,1.3923849106508557
-0.3108552263519674,0.450906240319686,0.4848476142858327
0.5692450870382797,0.4667178500745478,1.880676949744297
1.1308285367965267,-0.668452614311817,0.6830708544858488
-1.5861969068151935,0.39480385659094347,-0.5789574045626179
-1.0699047584130092,0.5376390295800505,-1.3972353133306306
-0.48967413860283826,0.5881045860777452,-0.9423019506574069
1.948010641126978,0.14324871319015134,0.8228727721252406
-0.276556847477883,0.6152664896847264,-1.3280758228881544
-0.20912223762678472,-0.4044586188972986,0.084328832735523
1.0148878967577133,0.41327858583872057,0.9029590646966522
0.032771916076319074,-0.6574816707456999,1.4973025067987187
0.14563588405978348,-0.29173111390644446,0.22672916768000304
1.9001472598510716,0.9341663877105469,1.1648574303592978
1.0014197674584604,-0.365707390805206,0.8935186638076165
1.8282930588760273,1.6143648106899795,1.4988379450279843
-0.7933947193126442,1.719792148894186,-0.3219451661721444
-0.09747678352739626,-0.030033638864903952,1.1482140415410307
-0.3741076690431226,-0.1341698892935963,-0.601280684571234
0.4823112872433422,1.950771984268641,0.3264879860332226
0.4631015414912377,-0.45939265221584896,-0.10756164575176687
2.4593926787229017,2.6884104982182127,0.14470269727899834
-0.4958588069135331,0.023143737860082763,-0.5142184076248617
-0.599895985341215,0.9990857644964349,-0.5466429743757644
0.49915881839264176,0.23570348140061037,0.761448874447293
-0.33591975105566424,-0.36801908879349793,-1.3120052297873959
-0.3464371968935903,1.491240793136026,1.947487419508827
-1.2361487578172594,-0.8603606134637737,-0.31625682737441774
-0.058651644709991096,0.2969441231284318,1.4895590325385664
1.2127043909729158,1.947552334200299,0.2828117146331229
-0.9289567669533785,0.04043120353599385,-1.4766595559107618
-0.35977229435402364,1.4537011375089157,-0.15131319497566237
0.1758182100570113,-1.9902541838854875,1.132467689997207
-0.8110647147605502,-1.0637463916476344,-1.5919444575413435
1.1169651564477625,0.11438353106106917,1.880005021222277
-0.7630028420361982,-1.369749929361949,0.7189676762460939
-0.17968284535931078,0.42968679949815514,-0.5911720407368086
0.7023231978374123,-0.981397452233015,0.47307901068977803
-2.2974361776463335,-0.033905173970931186,0.07501090481144443
0.019129417446925524,0.4002494609645905,0.6934050213738192
-1.7189444889432057,2.1360480695281514,0.4875318842925284
0.6667818909196548,-0.6092479456091237,0.9875183076608359
0.7417339859066883,0.9798051308912914,0.7419766193980014
1.7002698767215396,0.7731165380168682,-0.709491875528893
0.5309061910025414,-1.064085253612978,1.5315294049915518
1.3651400464118162,-0.28828453256152514,2.499461528907369
1.9609099210351921,-0.8527238059058226,0.5077577723067433
0.6973263760334404,1.1095816465314765,1.6250597263178945
-0.15119382513249963,-1.7084310698651812,0.4698895789214201
-0.20480184401339493,0.6433645121183449,-1.0322161555028144
-0.4047800414670408,0.36109385529720367,-0.6337021486183015
2.1862523853802496,0.08983654627602906,0.6599289089712709
1.0899543643261733,-1.2111514556590746,0.7312777249611054
0.05416703502737422,-1.331378506336451,-2.1134569390492763
-0.09238971127438379,-0.09108565585522438,-0.8338791780138766
0.7477058179007994,-1.020773261437999,0.8787598322822895
1.931395501763541,1.124745726215685,0.7691072111382556
0.2124991880534074,0.5222315188792939,-0.23749146310208216
2.1368030278812515,-1.0379599634390742,1.5681044043464998
-0.39194619604013253,-1.4941347897328627,0.5463349731445409
1.8281578523866657,0.44957857136830986,1.4389247737258029
-1.4995682382488025,0.23765282608163216,-0.5402159351525838
0.7624774385290711,0.8516607370112793,-1.0543529876861588
0.08829159801597669,-0.6822432502884205,0.7449543854761194
1.2170719263219665,1.8152696598767435,0.5395941551448249
-0.40735881151810316,-1.4769314344831215,-0.46037819164179905
-0.4509110977113457,1.6510249671156547,0.1697965928515271
-0.8266326188990573,0.2750499149808989,0.7661509871910444
-0.41410740910470484,-0.15981214859972603,0.28071831811739456
-0.5582654265800907,-1.5581368596406509,-1.471629323806813
-0.29057844569802904,-0.6198636052233355,0.3527619563556336
-0.5961021378020843,-0.6623429601854771,-0.08935912737375622
1.3584089946079596,0.058748254822442766,-0.5673047953619512
-0.07638693822270015,-1.2481920012748293,1.253335852061007
-1.373431755994448,-1.0708829891869782,0.31996949031322447
-0.8608985836551448,1.142632693968089,2.006477103725516
0.9148232816785027,-0.6692957655540133,-0.39605776437769796
-0.5649655627606875,-0.8692196149610727,0.5959471441994216
0.8828278721728476,-0.9607074430681144,-0.3537680283047995
0.17565876380193332,-1.7080210530219107,-0.3264327201196868
1.5457079910519598,0.38659888512971174,-0.10561084745048022
-1.7890152129387218,-0.6407678253144375,0.008590231658427748
0.8608864115795797,-0.6859526019808196,0.8766709170016392
-0.34085278849088796,1.4725877859735903,-0.7616566277848069
-2.0505858165956745,0.8283720463200781,1.8845995790745982
2.117808134370949,-0.9573204136110903,1.5985319240168558
-0.39208578607470423,-0.027409771957816294,-1.4880538555931728
0.21555636102436684,0.5417466060656593,0.6326900445361131
-0.6709831804370143,1.2378218086198316,0.5417550623625231
0.35116237900700353,-1.4740928220928202,-0.04878242237674112
-0.6952102082293046,1.2501400473829012,0.10721477461762607
-0.45649553896801753,-0.960684281387227,-1.7292485192725637
-1.2018838746791056,-0.589012223111968,0.20663446099816474
1.364054254178193,0.7529901705897946,-0.8751347262895603
-0.059499767376884186,-0.10928955489432504,-1.0141638363981944
0.5459280410685298,-0.7386038906597923,-1.0982319272235816
0.7324080211818137,-2.4289861879709385,-1.6747792758971562
0.40234639721976173,-1.2389549989151698,0.020011339110249955
0.20521430864063953,0.8562203068779315,0.8866383460913
-0.7928762490927321,-0.9069076322164928,-0.35814237435155166
0.44695291658605724,-0.9375539871452183,-0.6770764594632794
-0.07290026208147107,0.11173867233588658,1.4049884194662157
-1.6171732231958802,-0.9133113387381621,-1.736002527896136
0.5452012698488096,-0.7941411185345882,-0.614119455229253
1.1486839374206832,1.5923448022582138,0.6560442677175053
-0.0024983126074280197,1.1872250055931592,-1.6147464808358318
0.25769963509139476,-1.7414428595022238,-1.0786021078474086
0.5256510196881752,-0.44184285521105043,-0.07659938451712954
-1.8442514081186892,0.04322598542776969,-0.6862827065131651
-1.0657911364824753,-1.906373660931921,-1.1000672421072966
-0.1661667648961569,0.7106845921703048,0.4821471690822273
-0.7240532085033338,-1.1310753010949333,0.6721999692901565
1.1465607946105485,1.163812693817852,0.5443190849561168
0.9204315588973,0.21811825838487936,0.5416074077998874
1.3545588271624802,0.9903420349238127,-0.6023890108893036
1.8359711285228686,0.9594577249898876,-1.4948038575170863
1.1418767131861147,-0.008868016184972944,0.2047498722485749
-1.2534997396342815,-0.2468287797528413,0.2823296570301521
0.8207338858999355,-0.9261777044815858,0.39404295780621806
-0.04798184282096385,-0.7716489178320876,-0.9247710374639635
-1.6866563522823148,1.5542611184917987,-0.13603807582454092
0.48770151647101717,-0.17412090616065654,0.44515538336905836
0.2845431700447197,-0.8043701404268014,-1.2205034654729416
-0.7697456749125836,-1.2805892042118387,1.4695384731986294
-0.3799026653064364,1.9717274258962783,1.33391932763992
-0.8017362120684111,-0.21668670914166746,0.7661220064293585
-1.6760747127041347,1.5905970518359789,-0.6178474189206716
0.4052875241640311,0.21954215070163544,-0.8747680205192173
-1.3072326188198937,-1.337627206006996,-0.46165808943679526
-0.4191738015442713,-0.800635862321213,0.2115570037884078
1.820162912937518,-0.14369734984011592,-0.9248628651261019
0.46945766516731824,0.672955302915686,0.8640026724386304
1.1063005696645811,0.10461812271504231,0.2875482919310405
1.3854098957073837,1.018927288636776,0.5716411277201615
-0.6113853927427505,-0.9297454067296506,-1.1039382008665433
2.305740143598656,1.8201661725367368,1.3077445987942131
0.5064174821747549,-0.12070063607468366,1.2595397930848213
-1.2412709702710827,-0.7600700112833406,0.9797870251842229
0.5216865974282849,-1.0738494184860807,-2.2844215115433157
-0.4869246472044951,-0.19675800323689538,0.5091115780780326
0.345267352171621,-2.042321256362582,-0.7580790862521546
-1.1148335157721572,0.28972610113801117,0.39952833066411125
-0.8894351383797982,0.42322862844128706,-1.5966096165363857
0.8548968035909698,2.06035669900678,0.8421193134682144
0.5738741296544002,-2.776548765665527,-1.2556977224338328
1.7583264351544998,-0.02675605361104168,1.1538640835099447
0.4859508309733145,0.8141902982157518,1.3944804187614555
-0.5931092883358173,-1.3880198674103486,0.35646949909572495
1.902397830198272,-0.4929712612310481,-1.1664038839753617
-0.5331846075937053,-0.938894256021508,-0.5594725070623571
0.08235503335197338,-0.4466866539829047,0.04953449759915824
-2.4011328801227902,-0.10550936017833203,-1.1437102391852882
-0.5020457859096856,1.8135841626981564,0.11786401055845229
-0.5578405528913086,0.07730740922125263,0.648122207065561
-0.7726773454420858,-0.003997701121244284,0.5933861250047303
0.41876562629549713,-0.7912279473474276,0.10629205337565271
0.15533050087475903,-0.8851005451354128,1.256655774469415
-1.4736027433328662,1.5019758447387221,0.8490478224659056
-0.5507541577192123,-0.24964040573131832,-0.2845948375904768
-1.6428277535560476,0.7050972745780514,-0.9004292104489987
0.3068457312544359,-1.3496946413407152,0.9290182543547281
1.6458578885010966,-0.10783279218293271,0.06747957843079554
1.2026454928295836,0.6811904346569546,1.063024878427799
0.07641996022547454,-0.6004706835704381,0.3679465944647416
1.4396538567207353,-1.6802723445659666,0.5846599808633242
-0.32657066672948265,0.5591974289217666,-0.21826209682750108
0.9463534332282904,0.18431277449284275,-0.8332685850360786
0.4814577064431985,-1.5345599122465219,-0.48261024473701036
-0.06580064369570332,-0.2494256394312275,-0.6134647833781297
-1.3357764636518783,1.2394676351346887,1.1396061128683914
0.42045643054105125,-0.8007798646222479,-1.0463188147231097
0.2616332606009683,1.6369554927744865,0.2151154295860175
-1.1385644450833234,2.053199161980778,1.5232977077450918
1.6848438066666875,0.07105714120833392,0.9524573731767225
0.31907189541913616,1.0129147224441184,0.6111113679989982
-0.7340692755917394,-1.603654464666452,-0.3359639788039484
-0.44955211726959393,0.6505100411497733,-1.5672744724460494
0.41286452789213346,0.6992190297876413,-0.8148438219820675
-0.48484545506097737,-0.0850204713703997,0.4081411838363825
-0.5003502089194041,-0.7347560543688462,0.3213705545436263
0.49165343444566434,0.454528428469989,-1.096588298176611
-0.737902767515371,0.6459562215266501,0.7816777452570668
0.617802995920633,0.23998624326283513,1.1038376672198826
0.7931574871207787,1.6567569697189184,1.112392429579365
-0.6310142269037275,0.6423295296092407,-0.8497639251347516
-0.5916102049858052,0.007976412440848818,-0.31140516034165533
1.7234730046469333,-0.2875750964695711,-0.09706124521572106
0.820302205192235,1.2986560331510986,-1.5001674754841237
-0.7842635401153406,0.2919683401079065,0.08958989988312899
-0.5296532057840332,0.31150652928710465,0.9358652532401732
-0.01283052220508986,1.0512222195344527,2.701335315266612
1.0842797449751589,0.6968192642215557,-0.1236267385279406
0.2946499885830492,-0.4208087898921657,-0.43425364876574246
0.6813665411955037,-0.8971384635732466,0.39602716231835833
0.3528462150185211,-0.9059222539789964,-0.8374816768164713
-0.29757559493556934,0.8507472284286061,0.5842296867764902
0.4501798788570737,-0.6175943079281626,-0.8181935056270094
1.188658810835955,1.09977964673006,-0.6701580486125599
0.14748767317811565,2.337442121690378,0.5353734566439846
1.447776730180758,-0.20818902031481612,0.9140856685428413
0.607739101760715,-1.5407272000313383,1.2563500590812149
1.0068085526372688,0.38257112033480073,-0.8692865193066553
0.1711460213303358,-1.8837639157562536,0.15419345311567442
1.141511954200775,-0.20392179663017107,1.7482053054241657
0.8769363469065025,-1.1606428371579145,1.8914353354928368
-0.21434219165230065,0.7160285676631666,0.21744765291858234
-0.8348929885069553,-1.7453070861115045,0.2418576279121752
0.5159624478385497,0.9119307744411106,0.28689988181413356
-0.897359002866837,-0.5108493571766415,-1.0308230275763692
0.21989258823940244,-0.27891545555205766,-0.9567538455885843
0.27371410644628935,1.6826208988864884,-0.6673007643621912
-0.9439129640619343,-0.2705742540907148,-0.05587998250528798
-1.06522727870718,-0.40847371714907466,0.27645841136304483
0.5305021355386451,0.3996176159701906,1.3601133678345876
-0.41058273075375007,-0.8246789586658453,-1.2538916886428206
1.5505531977978388,-0.9960648352159608,-0.3392633110485211
0.22366714048207978,0.8441001883667966,1.0273332556631498
-0.9021637395756938,2.1754900059712172,0.6739818554744206
0.17992387457974798,0.24574581773075616,0.19473962056064642
0.21305148273127678,1.2948100923353014,0.6109502200402046
-0.467795255002424,-0.5065466456856845,1.2133068378966696
-0.8483189336579595,-0.7230747318166488,1.039154384813923
-0.36982867618891685,-0.4404049007406937,-0.79129899794293
-1.2125153799052115,-0.20972169173521849,-0.6622425630949911
1.0912072702669888,-1.3399707429816383,-1.387119433333794
-1.005213181680109,-0.3003341410266788,-2.236508879432644
1.4813019690731872,0.24257382624967339,-0.45454088397239445
-0.05823550319853477,-1.6945254755714836,-0.36286945124686004
-0.6686704868555846,-1.631035641546633,-0.9849393122003025
-1.4046502355561608,-0.2225267808860237,-1.291226578550835
-1.4885598268254872,-2.12956912515368,0.6664658217576975
-0.16231378361830562,1.0342012816688058,-1.619795354561737
-1.294756247181486,0.2931228371977455,0.046086507606088345
0.3773677096961046,0.27774294055644577,0.3921042919847178
1.4779402306261276,1.4350152439511463,1.229925171539032
0.5209392981080295,0.42614382004599494,0.6858432690826278
0.8253308743799346,-2.685963017189023,0.21352681352101444
0.6733423040335027,0.3258582188494537,0.8612546926887324
0.5619237436543886,-0.47545879098708066,-1.986506417691102
0.30509174047349813,0.6393662338792728,1.1333775375052642
-0.5534624987750897,0.11574680082722891,-0.03128652744849197
0.25121580175718317,-0.34557222519581765,0.1159536491578144
-1.043994713531225,-0.5649439744262488,-0.9230868621972976
-0.2829015263170705,0.3616886237568063,1.931182933032276
0.36560603929939456,0.9353512215988037,1.508795241881281
0.9077617237305149,2.289201143098029,1.2886116504980552
-0.9358310382423393,-2.1474277933400416,0.15823157164315343
-0.2723630897094846,1.769787010921957,-0.058005707400139134
0.06210904215048167,-0.3076387827197128,-0.44508887974699823
0.14096102852860123,1.120334828295542,-0.38381819334429
-0.1318424264752888,-1.6780482653511388,-0.4582306267379918
1.2962132838792098,0.27366820632740874,-0.3880445241544538
1.7128881883263936,0.9046151557464541,0.8037463873199284
1.0027715338221914,1.6602161197876568,2.054664612102376
1.026794031176799,-0.7240244899672101,0.24707220589569392
0.2634135937986035,1.1837849576310902,-0.48030288671676585
-0.7751872470017446,2.5893457140721035,-0.9325398999516072
0.26050233436740594,-0.5457238319090971,0.2721961545318965
0.5215692153090625,-0.8907183217251005,1.3937061485209847
-0.35162487040209245,-0.9422613444441345,-1.4798770228379414
-0.1360712000506253,-0.9008977236771579,-0.37907349753056735
0.10319184737519854,1.979131546102369,1.0284180926277102
1.4359000075942217,-0.8211222147653449,-1.6260583427054718
-0.13886942968728752,-0.8165004627416711,0.4548876008896109
-0.2775936672091125,0.498678330289744,-1.0292103982191114
-0.8214826661427027,-1.145164040462074,-2.451237949707446
-1.14466343938822,-0.2586884478201585,-0.03490435987186248
0.03621006363446794,-1.0051027971518176,0.17070834702550686
0.6543392913995641,-0.7499160257357321,0.44059779777000346
-1.2349500174613077,-2.970275501015315,-1.8490022239658654
0.19494547391832043,-0.5757768460859575,0.5739992766525833
-0.08543100179991892,1.5103890591078866,-0.2292319998341223
-1.4846863403564636,-1.5109866783402213,-0.8796719668656042
-1.5728460645347486,-2.523290763357035,-1.7339958449884414
1.0378311350039606,0.5350205780632891,-0.3043895473744746
0.07678380119970808,0.7863709263612888,1.085977443907429
1.9918092339955982,0.3626183261588403,0.0018723222152573597
-0.20224877660115784,0.8147386072762134,-1.562927316838813
1.345569293824774,1.723954176937795,1.0594359198201067
-0.844763540708957,-1.6565724893466847,0.11167007796505318
-0.6164765707167913,0.04091021539909916,-0.6333319577859837
0.12587259369694462,1.8964444250070907,0.8912980709604081
0.16588594760945238,-0.0538759664565764,-0.16062124973615427
1.1599380562073138,0.35857863919530875,1.4428231324262735
-0.6878766173128903,-2.1495984646507797,-1.9606820336047626
-0.7151842431711652,0.507485876751317,-0.09098444493149309
0.8126495302951563,-0.41756226402661645,-0.5443880131790262
0.15807810197023162,1.595524586246503,0.0006357409990622234
-1.4392236174845812,-1.4608349098839688,-0.3284861335507642
-0.017638724274995243,1.6219069751783681,-0.42308112462639963
-3.024897671181229,0.6068907750261188,0.205475809854784
0.37960955743544456,-0.5130266713523309,-0.9233704829864949
0.7535506288573064,-0.3083543555804825,0.8417457724141497
0.8485870805512621,0.291133024341585,-1.1259671393558464
0.34999868966204845,-0.10168944984688705,0.4782104218809287
0.20786455433949153,-0.19460465637463456,0.8441278877031195
-0.6623400728735834,-0.3748511203539066,-0.2989873860401982
0.7617357177408278,2.226685055616528,0.35204105471794717
0.22345811949384886,0.7409788850140944,0.5784074614163935
0.7021889137282407,0.3494536292692238,0.4892344318923653
1.0905176497623696,-2.423540614521093,0.10497324420942342
0.4339497303850324,1.9628570829120953,-1.1004393713823393
0.9215581070525168,-0.7078901526234609,-1.1467658373244132
0.8947009382150172,-0.9776283963172867,0.15393017111900625
1.225663063521656,1.0489225966373197,-0.9025215186511788
-1.7746637498710107,-0.8512702517287923,-1.6729341169385177
-0.0768571722278673,0.05322954827926938,0.8120024117853284
0.13932835403377974,-0.6428537064572649,-0.8356081380295356
0.16322522520465055,1.7093393755316093,1.3185236516488457
-1.1611835796792052,0.5501635534475068,-0.09336038907787501
0.5839923399473349,-0.4882728114800629,-0.1737125755351062
-0.42797452756156107,0.013954165357889287,-2.200955057295057
-1.264970371664386,1.5958014588266871,-2.5852788829192446
-0.5923554075683303,-0.4314492814025356,-0.3696593711054089
1.6272890315006547,0.5359576518977835,0.06083945450251141
0.051710395156114496,0.4793969291321817,0.03601054638251207
-0.3509058443093252,0.960567655258025,-0.7972268430324433
0.4960217784277329,-0.09567614040309701,-1.4711028933456545
-1.1618295751165844,1.7288060968069359,0.4820077415061482
0.7231805677860711,-0.5030127504857778,0.5283719827825039
-2.1649246874540706,-1.513379693810648,-1.0117645584400428
-0.8124336275908245,-0.4719988798488152,-0.8216185953374996
-0.1667345708990307,-1.7607697369323423,-1.0086480791624324
0.593235127059393,0.8414862124091377,2.9923457258900648
-0.9450032463278941,1.356652219556315,-1.1067516242928002
-0.12555333791183745,-0.17443472764631368,1.2071014871250454
0.10691008306811477,-0.3078258773772218,0.4975277767923114
-1.6790378022224326,-0.2751942030513123,-0.3817056367218781
-0.5744813027626418,-0.22664165599498368,0.9924057460610903
0.5051708636367468,-0.5270609506232667,1.5057259271186674
0.430213965052258,0.027410453079516214,-0.09562441611015028
0.6769830562873254,-0.6126614650792446,-0.9136575438166272
2.7360108299817503,0.8730424417220374,2.2291736786078498
0.23085506118398583,0.5585225754709294,-0.048072857352201015
-0.10227166113328678,-0.5470205506072132,0.09543409184997756
1.4538820045232665,2.43350990725224,0.2015003377963326
0.31406087536746424,0.6531152531346379,1.2329025941197975
-0.9063387346606849,-0.7265102373843353,0.21329028854777507
2.2137699159659445,-0.8350745518466738,0.3711872511957195
-0.6836160710715895,-0.042269893149686315,-1.523523903144183
-1.0165901763023428,-0.8119643095294791,0.46480132868977925
1.380489743206364,-0.23093394751448648,-0.5760439050684714
-1.6793086238438215,0.7590705486874165,-1.9028100350720307
0.24496975003147492,-0.6491774222460401,-2.179147860939651
-0.1573368305166524,1.0291781076498885,-1.5675144505481626
1.2695892536524334,-1.4751785800479098,0.045872224327707094
-0.3588235040849761,0.43351142724659864,-0.4657364424812258
0.8205562179727979,2.1339814777461696,-1.235265266198639
-0.7987551417473686,0.4843458662541599,0.197581122310326
-1.7128077182680264,-0.10885372046746902,-1.1411854607197407
0.9050206038519221,-0.22062189503167298,0.9229429073290947
-0.0035725030000252123,-0.5443961364113559,0.7632652531364275
0.11784601664411647,-0.8210289398121875,1.4050397598940612
-1.6130183076415763,-1.802708978759123,-0.5382166409288662
0.02617189267244736,-0.016061389616037626,0.6082286121913131
-0.4582117590859931,0.15698423373363143,0.5486059424614345
1.0836945219086485,0.34426960044257754,1.0887409294212393
-0.8117829607113741,0.10476738651292371,1.2638693813575088
0.18990208606882852,0.2110088792389159,0.8480409989414995
0.007748550083068352,1.1883405553925315,0.9280971598476468
1.0555128025107137,1.1534153638850957,-0.820400259176873
1.3951341315322137,0.6000396479319854,-1.5665212127043973
0.6153988286715776,-0.060443389568432156,-1.38217293010969
1.0874002076107046,0.36452189168061633,0.31142634587196305
0.9957338026100092,-1.6772767393245485,-0.7298490386577026
0.2974798529432158,-0.06480594494249964,0.33841356160472175
2.254662418508727,1.7804268420200415,-0.9114418011176845
-1.4512948264368275,-1.2491201255754292,-2.559569792871187
-0.6421626708378189,-0.3779478551876332,1.1612568355810866
-0.4530810850574066,0.3574944159388145,0.029161547580377218
0.4626898088252293,1.2469701218880815,-0.40439744874707884
-0.6101575108428346,0.19924056340493904,1.5292570159244299
-2.3255713462336525,-0.6763498727935173,-0.44485617829539553
1.1204207965689283,0.6699417121082067,0.9066821185670203
0.06686070813507035,1.2411878532310625,-2.079579093002408
-0.4845153366126976,1.1066665410674994,0.2507243028539495
1.4264072024994598,0.10160524765837023,0.26169518923276774
-1.1578932412754837,0.5984681508275729,-0.8528715096784149
0.9776454300537655,0.3961031672162091,1.4354937168529514
-0.13981854602404825,-0.6126230063872915,1.1007455448000572
-2.466164934377903,-1.7706643598190224,-2.289580765069679
-2.3731391782202063,0.28598228426030375,-1.3433778159204814
-1.6996260232227798,0.32605320926589293,0.1675718827480246
0.8581916346172547,-2.286560921245735,-1.521625261937645
1.6164604941741774,1.544415836417134,1.7683123743335203
-1.2156935413851166,-0.6907932190222393,-0.9441303985715888
0.6108383670870258,-0.10738213006128046,-0.3083913252811056
-1.2800478058191962,1.8656515136742768,-0.7268377854384026
2.075703900149149,1.0451224209702727,-0.3721033337853574
0.14658407492763115,-0.22707067600281106,-0.35059122293937084
-0.2957578963872418,-0.499311819586659,-0.6621964915607969
0.6415045985327036,-0.23601579532459613,1.5510754906013373
-0.982959132542353,-0.7862288742204313,-2.158681646669649
-0.11171597112914644,0.47239978630909296,-2.219938252832082
-0.8376908462182829,0.41320480343923854,-0.7373646585145728
-1.551596664490897,-1.3081254333381214,0.3021214709721741
0.09064463460649255,0.3357587350180604,1.201100259020788
-0.32815951616011757,-0.11086489632025387,-0.508993128695884
-0.5575509016628915,1.4975385117553137,0.5030834865203563
0.031058865760516134,-1.2057584566874477,1.0707507510929266
-0.5835223549609473,0.3494830085745217,2.455840571006085
0.2384124705419489,2.309866458728315,0.031200699873014846
0.9425769140938696,-0.4807483503635103,0.525650623332636
-0.3688382618169596,-2.0417670641756036,0.558836563856459
0.7049429188372505,-0.9321748618680664,0.08694728696207997
-0.15812792026178343,1.0738440828475104,0.8456217664977533
-0.22682375590962361,0.9890922887969069,0.5535416955610608
-0.19649149140655983,-0.7739443701313972,0.07481915596997803
-0.3114751875207635,0.8730581029925867,-2.0728278297548037
-0.932990815700341,0.701451857289138,-0.8332998287970232
0.8577259893164951,-0.7169607433129215,-0.5847190478796861
1.4836715663027922,-0.6624624014109526,0.9882680563455484
-2.394434127138062,-0.32796663668320974,-0.36648770565006983
-0.060120780596757635,0.6657543975339095,-0.09430416502473828
-1.8193195229243964,0.873070442683999,-0.036657169429746825
2.5695695015255473,0.3632902837115412,0.3586508189694402
1.119448610946729,1.5570435580337465,0.08452918166230025
-0.9362322120839286,-0.40117998301785857,-2.250093958040094
0.7104284337850411,1.27815037765703,0.5189673426037761
1.2659200820799106,1.3497392527465304,-2.214436649596002
-0.8442181961738776,-1.394349883590413,-1.3472204061164827
-0.757802774676253,1.2602110272433622,-0.9952979429341043
0.6171430827710194,1.086970023281854,-1.040452928411954
-0.8147222250740229,1.5040386945483166,-1.2100404621076073
-0.8985985839752552,-0.544294493069143,0.5487430919643003
0.43527003064635805,0.42230875254271916,0.9307112610057948
-0.0009501622541954396,-1.2497558332376568,-3.985542605775444
0.21682689199241711,-1.2709926288389815,0.6915250068877044
0.392116879092141,-1.2459943205958413,-0.9067606021218739
0.48328725896948377,1.1830136383265917,1.2836238282554686
-0.290108689040398,0.7936909830914478,-1.09733268546181
-0.6336327824350774,0.08485114479662076,1.3985679707229586
-0.04258904356185606,-0.8778312699979414,-0.7517809581183681
-1.1595935377365834,-0.23996459186751792,0.9482874657483473
-0.5575055260739995,-1.0194621437935198,-1.1334837546433216
0.17565421897969682,-0.6948247005079875,0.9132153416849318
-0.9862483320315546,0.8577392065789659,-1.1944813412658717
1.0589338746267478,0.049901940513403846,-0.787752236680824
1.3182001046550653,-0.7530184822586772,0.6202381959222357
-1.3548606539544668,-1.4110787587098998,-0.7973281268848579
-0.35544370149048893,1.0155835725016613,-1.5468480968748166
-1.3982458071321877,0.3591815576554931,-1.6984171708923181
-0.5068588044324007,-0.5486420709209954,-1.568681974182651
-0.7875412481396799,-0.5617254409825018,0.06779470486423261
0.21176503613418407,0.3647580928736616,-0.3058956239224422
1.4383154063911083,-0.183679397402566,-0.47830682730078417
0.27500908425425924,0.017470150385006808,1.5967174183181663
0.22850060176714063,-0.22861305215501226,0.5594761597777511
-1.1792779876302217,0.1609894192357408,-0.2931367326422021
-1.4923559551441958,1.0565526289431446,-0.5191226539703212
1.7025265085514698,0.27379654988115976,1.8027941724807988
1.0736532642132397,-0.07724255184902593,1.2436046244437355
-0.7899161170016756,-0.8331146721514348,1.0981731605660363
1.920436831643937,1.796255890545624,0.08565157088796792
-2.7721334297949025,0.373302334112946,-0.027072671174864758
-0.43993137011212585,0.7946773068339269,-0.16658818250236482
-1.9962814901933663,-0.6722431229596286,-0.46545592744954334
-0.2386051409364466,-1.480376989535342,-0.6981688964759518
1.0099472219969656,0.12302939278338422,0.6546130158984674
-1.4791965890136585,0.1486520841673449,-0.767102225853741
-1.3029816545996018,-1.1154837558975488,0.861550869246848
-2.839068572991237,0.34367212250049556,0.22143303662256913
0.24500927395592373,0.46096300067256635,0.13018482966070785
-0.9922965192863503,-1.0354127650025946,-0.7933473571806945
0.7642409769029046,0.2715174574882797,0.4311484733413627
-0.35770916033524425,-2.274819202209309,-0.5004852910983693
0.21528456756075914,0.43860106428883816,0.28044199774725986
1.3817469329629717,-1.5857815913634552,0.15189002268150936
0.40107808453299193,-0.3045292160972315,-0.02226624687926142
-0.9514840703020748,1.2357696932251108,-0.7614887811906123
-1.2241306348187413,-0.5390908720564019,0.2508766467698876
-1.1265983429712105,-0.38212976992970915,-0.2378183390000329
1.5504035033077,-0.15117319797146206,0.4859817886024255
0.03155314264406659,-0.3492823180589139,1.3054294236848896
-0.6201740281352087,-0.4006195970652204,0.1951723048482115
-0.5824603945744752,0.12555841609479626,-1.2963131305198727
-0.861768580117648,0.455354355835178,1.4507812804359799
1.2117502493968353,0.07862886803657451,-1.535235939295367
0.30516788965280545,-1.110977672692958,-1.3740511483383957
-1.436317558975432,-1.9925924187161534,-0.20762290109237344
-0.15259782844138883,-2.2359288990281216,-1.457229540755007
0.7967743376481474,-0.30853866103328165,-0.6178700933520965
-1.0108957245948884,-1.5483614452467034,0.3114072303073609
0.538761243499728,0.2814903292851665,0.04365060856207365
-0.15447385813725617,-0.7327112071986861,-0.8826225603497558
-0.9463579840481274,2.654463949115011,-0.7925328775007294
0.9659861766359349,-0.6407454972600551,1.066363072239305
0.43111702037578625,0.5764682742448101,0.2779143911375229
2.1191525837601817,1.1579153546024095,1.1273112198810573
-0.10849148314631187,-0.9867958217873183,-0.8106894190541395
1.2848874464263362,0.4175610532531313,0.9839714193589195
-0.5402656907924661,0.6990624417359163,0.5523062639362614
0.7316586256073903,-0.812840685637015,-0.526592189339951
0.6635011028142349,-0.8916381897738409,0.764514834767502
-0.3328096989215086,0.3993609957768298,-1.138256574957038
0.1023926759928004,0.12822220159151063,-1.5148947057784174
-1.0321751345453718,-0.32664659225204956,0.007267876542727901
1.8418380289904732,-1.064671414605389,-1.076742041993112
-0.562093438846806,-0.26547691294989495,-0.07959940869367393
0.8576213570727722,1.3807257266427748,0.7000420425797135
-0.9150410301686703,-1.6595901977468699,1.0290285525459393
0.6551095769005557,-0.33181287530876125,-0.6410219777024937
-2.831337228486122,-0.29505510963067855,0.8799998206909461
0.4493871416278735,-0.6455595906208398,-1.2570769405826951
-0.9818521868899662,-1.4945064287847516,-0.06647387358483937
-1.1804208719136586,0.09053939373490134,0.21410300616779193
-0.12974804400401685,-0.6763623487668146,-0.4872373175766448
-0.4068031470776693,0.9596900010289859,1.1933019231879074
-0.7744635891057454,-1.2642512419292973,-0.4327734002586102
-0.2791656021786108,0.6573478425209491,-0.3825073446571704
0.30340623070975176,-0.49884164169950357,-2.187726627756376
-0.19859131510343303,0.3190672197035601,-0.8292371761830888
0.42639176728233785,0.7913486343076923,-0.10728838868334853
0.33582203352261536,-0.8639573126952358,1.5359800508084598
0.3712043980817976,0.18855425069168338,-1.6116196856210323
-1.3650723569236523,1.0514917365548284,0.8271987302124658
-0.9676488664987881,0.13245741131565678,-0.10796113135097397
0.6795825403932227,0.19328728330787173,1.151154762429794
0.849657210473096,1.0532649982198306,-0.9327072298677952
0.1303367419587495,0.1847641241445597,1.045992617446062
0.6366951081301677,1.6146606833688348,-0.5772597869355935
0.7666900418930935,-0.2792776357225043,-0.5109036110764281
-0.161836367323799,-1.0090274902732816,0.5087597275925738
-3.5654421486911096,-0.24453438912561348,0.5548219786150194
-0.7053429945590046,-0.8243999791796823,-1.2420469418723343
-0.10497226132459178,1.0926793561738328,0.897041777278587
1.0746448866682172,1.6051874001148991,1.699766495784854
-0.4990048804597153,0.5636257480986019,1.2108065730244049
-0.8576438630916364,-1.129634852344448,-1.0037308802587797
-0.21571497789131014,-1.719056328984616,1.8361299798924877
0.4730431120887367,-0.06207860523900405,-0.014783810533325016
-0.8572812609577207,1.0452490927439355,0.8568903438013582
-1.503988081185471,0.01842272261158449,0.11671837620728255
0.3078204006250375,-0.17937120554922706,0.9013064656045655
0.3619105070715404,-1.0427848804818882,-0.16242906239924895
-0.4624690741758471,0.5624031174316642,-1.1727269239427647
-0.4875775485567491,0.2731669878260833,-0.2576583533996295
-0.06933501006829976,2.0916788471610217,0.554130102915777
-0.598263962168485,-2.0220508852587793,-0.2895378635592433
1.3970281751712066,1.044805576853003,0.6540712786621088
0.2542395969303365,-0.8453242945525882,0.07209304622635727
-0.002080390304983424,0.5240708486261556,-2.1937378422584435
-1.2200906670303204,0.974214133766867,0.8395186109374106
-1.1342376705274113,0.5400846282597914,0.8920847754872636
-0.5949321677053714,-0.16236278630149154,-0.38269711143959645
1.173704617983691,-2.0521139381374365,0.44882892211047365
-0.32304775245954187,1.114504939839029,-1.051701110524919
-1.493402844211043,-1.5155376327781909,-0.8806086820631174
0.9897368470803223,0.3447495809934369,0.4176856593521362
-1.7497147291898865,-2.3348167857419666,-0.3614716909118275
0.8667008876053529,-0.6183493375173577,0.703785204236899
-0.2945413501053148,-0.14598133581042996,-0.11958248216314772
2.02038123527184,1.4333307363128414,0.6457368742253469
1.148930386742424,1.6905372509199277,-0.4909233490801936
0.6113676087501845,0.32472858229096996,2.7225154380182417
1.2883844214467846,-0.07033566807919524,0.4369330383225568
0.730363035020263,0.08681675363695483,0.8402446525058525
-0.2783869057291342,1.191822506184923,0.668413560257397
0.0010890816264967369,0.058263474677520646,0.31603587728185
0.16803180338043583,1.2743715753979086,-0.09621428992009111
-0.13870638633966226,1.0710917932179054,-0.6655787080595921
-1.3971791822927184,0.6913853669294993,-0.1305507884312867
-0.3824105200978081,-0.01764101947903171,0.167504626577391
0.4953149057407544,-0.6622801860058776,-0.254612523318762
-2.078806730067368,0.27891539478319677,0.4256199471470048
-2.2902008468884274,-1.4827583587637558,-1.525516849332624
-0.3710478822851796,0.4761518440014873,-0.1105282142047753
-1.2148087900453746,0.776237957766916,-1.4964015699029802
1.4492682286831617,0.15320662883948194,-1.5329170020054843
0.9158831347323999,-0.1588877317485461,-0.08752063383600316
0.6287528399393514,-0.6060286086820258,1.047865324041886
-1.183813446265833,-0.09001845993517424,-1.1433225781008538
-0.7250015069488672,0.04414351666943895,-0.13181778558906676
0.5590395276169027,0.1443666921350711,2.3944591328311526
1.4932923438490435,-0.8058286902693347,0.41320368875287433
0.5639701454016908,-0.424680470838309,1.89006055611967
-0.4338669497841844,0.7196026254535787,0.19546981917547324
-0.22836479097982043,0.1926035098067245,-1.162312875413374
1.453026324042215,0.15516978188080574,0.049663619853304745
1.1449400512547292,0.11233183617061301,-0.6625895576194736
1.6396930466340374,0.5878971827281638,-0.025331333482070947
-1.2709706201404234,0.2975926090088915,0.7718246971956578
-1.0173178161711944,0.8203363456220122,-0.21456309637357837
-2.049515462807512,-0.28488790214027077,-1.0695581305229944
-0.28660177520652785,0.008538674924390565,-0.13149945548381112
-0.06633029465347313,1.8008582222768685,-0.0934831052086096
-0.3369033314876769,-1.1056872928831174,-0.14390653545754076
0.4410314591894102,1.0029468377277475,2.5163119434236383
0.10993319994847724,1.1640249432233885,2.159534593325668
-1.1047827218727135,0.010253431162685555,-0.43859110589167605
-1.3858045883515477,-0.8980910191968084,-0.622412481304273
-1.3432169339188378,-1.0784626734819622,-0.07001341911765527
-1.1268322882217066,1.005128066806983,0.37617062164951376
1.1379807777584507,-1.763589974371972,0.20681013851642666
2.1016675573687316,1.343548515282722,-0.024102269490590616
0.6831543766711747,0.18852736069642165,-0.16354708531786671
-0.9131817095924695,-0.582114082985063,-0.3570568556961744
0.14143505957659905,0.7852821260774941,0.14221169481764548
-1.9189614766733232,0.11802494834964787,-1.9267151496807922
-0.9489380220109822,-0.44363765541476313,-0.44246070531922704
-0.7744757793882557,0.015452519178285693,1.4965950653489322
1.4683186763338083,-0.013148411390167722,-0.5959673665757503
-0.21917586404105577,-0.31716006737521435,-0.6557888181903593
1.1334400636486066,1.0692397731854757,0.38738063855585175
-1.5396014089179795,0.0634586926228397,-0.8845095140277579
-2.1950254685025437,0.011939256925339991,-0.46511442246763396
1.0826187560347147,-1.2325108698267548,2.0235939490433403
2.2501227313820205,2.3860715666693624,1.571595692576068
0.9405090044232572,0.32981297169028945,-0.029584503322012807
-0.2665613041041565,-1.4606265007129406,-1.2228651242416697
-0.5336514870905675,0.0872385617727175,-1.0326487495608256
-0.17937793953205014,1.611140677632263,-1.1846246470301587
-1.429171966669338,1.072907868698583,-0.9760118386819805
-0.18031072881291887,0.31406556214333603,0.8507227955209222
-1.0972923745972105,-1.2641055938887722,-0.4686869195859583
-0.16031123716879855,1.0453569543464212,0.749317680431856
-0.4692420613429659,0.8935003357775692,-0.9740025355522973
-0.689750235439198,0.49359581610081316,1.8902099786985833
-0.36310830251884235,-1.3124022748684971,-1.5261380596558307
-1.3779786592755332,0.10464219242863207,-0.6290414168995933
-0.46109654527159033,-1.1009565848913372,0.5834665053845223
-0.43999904452609945,-1.039012936718113,-0.08794453206225329
-0.5464279169692133,1.7423003430196216,1.4530044877455466
-0.15308574936753158,1.4638287954163964,-1.1549268662424728
1.6444112053357847,-0.5360333333543791,-0.025884417526677056
-0.040977076142364864,1.902356907132588,0.20263410899827097
-0.39254539559740387,-0.5727760115565507,0.9901218408156924
-0.24845932645017887,2.191507610742295,-0.2903290422446987
-0.9721846918446275,0.8983099361605755,-0.09589505167240477
-1.5381709699227593,-1.5121606461515784,-0.8029771168613874
1.3772386986111502,-0.597832622503507,1.3174260910300226
-0.1271751293752654,-1.1225825692053615,-0.4441601916374656
-1.5940756340968145,-0.6542848378071628,-0.22822280190556707
0.33096736113564906,-0.09739266186882578,-0.3100984756319007
0.7266631246315266,-2.1432005749670617,-0.36478463741236644
-1.1602106940249675,-0.21070181479300332,0.827138370445354
-0.18350516210380083,1.3057893964610903,0.14358716115796347
0.5980025462180575,-0.4636813979624922,-0.32278530398981625
-0.08744789450888067,0.4435391328497469,0.06501124126259254
0.2825645991442135,1.5211353467202033,-0.5624826076484252
-1.1263988609364552,-0.160456356051865,-0.23258200497066747
0.7936446087591583,0.1953403045042033,-1.19577489579111
0.05904662761442339,0.13427779702455608,-0.1745308795213023
-0.4682862381559476,0.4241095595292237,0.5186230852887482
0.17532692253599988,0.08118152785858328,1.1709449728737737
0.5875816306944326,-0.7834393365370563,0.9093076575629965
-0.6356620134405317,0.65046940105104,-1.289166967578363
0.04118156561997473,-0.03873279424766359,0.1561650289093146
0.8447905365924727,0.7116936806305031,-0.3447776504395812
0.41894364165658504,-1.177470720834488,-0.28114329660405724
0.82988380646254,0.06953405693252078,0.7142240988376775
-2.194593414803105,-1.6289609240431029,0.0035236830006164003
0.6802923818791045,0.7210107693593865,2.3555204425180496
0.6144033270686954,0.07047031578817237,-0.23188873818758424
-0.12187478356317444,-0.2390307177456338,-0.6119493669653387
0.9710424430271307,1.2549205377435917,0.23613362484008532
1.1578865716170132,0.23838650469801584,0.3415070992046687
0.8806584164023952,-0.6560316959851336,0.37482142844731
1.0673463388027373,2.4764901232419025,0.7008422451238583
1.5712530974489358,0.22001317986773491,0.1973964464392991
0.39687848153123073,1.3933831778174868,-0.46708678310376367
-0.0699272015423662,1.5101788507959801,0.6792587116919053
-0.5464015559405008,-0.3528926265654875,-2.2028723866049607
-0.7740944740828745,-1.042789034470566,-0.8775675839428381
0.7985306416647141,0.5923919980202137,1.7656962895758206
0.46455747772664113,1.9076799967292712,0.04202787125949986
-2.122598995733989,0.04553335840829624,-1.337039500557586
0.4343686367080361,-1.1736945488988066,0.7362608223763503
-1.7413122808299009,2.563543418749087,0.3533032778397315
-1.125491111416338,-1.5371680581837883,-1.9036836808133397
-1.5081800282542082,0.9959978660840098,-0.8065789773372595
1.3243895078644061,0.9321989454538874,0.5030646091083774
-0.38110752978004675,0.03790770229977811,0.8511254819267384
-1.2790428798337277,0.4356066390204882,0.4547937467282824
2.574428838947521,0.7048167667311729,0.27670228558376175
-0.04883571176902332,0.7569017136432213,0.051857397918883
-0.27274749535731174,0.9825884944007857,-1.3593630101581002
-0.5551662851873248,-1.6484801911854454,0.09312701070916288
1.5640080104567098,2.4533074514445956,0.14331171531804804
0.7355549915326671,0.4597638445891406,1.2219268069248934
-1.1888405749940674,-1.6439784920671163,-0.38853592624001243
0.19132449998982942,-1.1986706525357127,-0.21429272027167764
-0.5124302426123378,-0.4599458979199934,0.22999892580801434
1.6572328107980567,0.6931496986450281,-2.075470092502809
-1.9678532868754042,-0.7296436546801708,-0.038809247282881015
2.0045968784816264,0.35255934319522214,0.07850036507500968
0.4721204626562695,0.5128671322266085,2.1677825391981203
0.7161933302601887,2.094452642980203,0.9266402239945005
